Label,Data,I_RMSD (nm),BSA,L_RMSD (nm),Results
Reference,1C0A,0.266,4.511,0.674,1
Reference,1C0A,0.491,6.59,1.052,1
Reference,1C0A,0.241,1.871,0.637,1
Near-native,1C0A,0.3,3.91,1.065,1
Near-native,1C0A,0.357,1.825,0.791,1
Near-native,1C0A,0.336,1.226,0.94,1
Near-native,1C0A,0.348,4.89,0.668,1
Near-native,1C0A,0.484,3.487,1.356,1
Near-native,1C0A,0.33,4.029,0.7,1
Non-native,1C0A,0.895,9.5,3.309,0
Non-native,1C0A,0.5,1.875,2.707,0
Non-native,1C0A,0.653,6.176,1.999,0
Non-native,1C0A,0.546,4.169,1.501,0
Non-native,1C0A,0.469,9.594,0.929,0
Non-native,1C0A,0.586,5.281,2.185,0
Reference,1E8O,0.143,0.453,0.322,1
Reference,1E8O,0.124,1.29,0.245,1
Reference,1E8O,0.161,0.04,0.394,1
Near-native,1E8O,0.148,0.889,0.302,1
Near-native,1E8O,0.3,0.014,0.833,1
Near-native,1E8O,0.164,1.468,0.354,1
Near-native,1E8O,0.231,2.286,0.538,1
Near-native,1E8O,0.194,1.479,0.465,1
Near-native,1E8O,0.148,0.794,0.352,1
Non-native,1E8O,0.381,7.957,1.347,0
Non-native,1E8O,0.385,6.33,0.905,0
Non-native,1E8O,0.275,8.337,1.345,0
Non-native,1E8O,0.289,1.688,0.732,0
Non-native,1E8O,0.264,2.782,0.689,0
Non-native,1E8O,0.246,1.084,0.537,0
Reference,1F7Y,0.26,3.274,0.46,1
Reference,1F7Y,0.278,1.356,0.429,1
Reference,1F7Y,0.218,1.509,0.396,1
Near-native,1F7Y,0.301,2.658,0.719,1
Near-native,1F7Y,0.163,2.689,0.254,1
Near-native,1F7Y,0.199,2.166,0.419,1
Near-native,1F7Y,0.393,1.644,0.934,1
Near-native,1F7Y,0.355,0.312,0.859,1
Near-native,1F7Y,0.322,1.105,1.089,1
Non-native,1F7Y,0.33,2.343,0.655,0
Non-native,1F7Y,0.426,1.265,0.752,0
Non-native,1F7Y,0.465,3.492,0.815,0
Non-native,1F7Y,0.4,6.719,1.23,0
Non-native,1F7Y,0.519,3.598,0.989,0
Non-native,1F7Y,0.467,5.364,0.793,0
Reference,1FFY,0.431,2.071,0.815,1
Reference,1FFY,0.57,4.346,0.74,1
Reference,1FFY,0.545,5.202,0.893,1
Near-native,1FFY,0.694,1.174,1.217,1
Near-native,1FFY,0.479,2.777,0.717,1
Near-native,1FFY,0.43,1.177,0.73,1
Near-native,1FFY,0.462,6.873,0.664,1
Near-native,1FFY,0.538,0.475,0.718,1
Near-native,1FFY,0.454,2.134,0.815,1
Non-native,1FFY,0.786,5.247,1.598,0
Non-native,1FFY,0.448,7.304,0.586,0
Non-native,1FFY,0.56,2.485,0.998,0
Non-native,1FFY,1.083,10.559,3.923,0
Non-native,1FFY,1.259,13.514,3.059,0
Non-native,1FFY,1.589,9.817,4.465,0
Reference,1G1X,0.283,1.125,1.021,1
Reference,1G1X,0.16,0.955,1.327,1
Reference,1G1X,0.216,3.088,0.732,1
Near-native,1G1X,0.278,1.73,1.983,1
Near-native,1G1X,0.248,0.077,2.158,1
Near-native,1G1X,0.185,1.587,2.036,1
Near-native,1G1X,0.289,5.707,1.12,1
Near-native,1G1X,0.324,5.624,0.745,1
Near-native,1G1X,0.234,5.81,1.189,1
Non-native,1G1X,0.396,10.046,2.035,0
Non-native,1G1X,0.336,10.93,1.498,0
Non-native,1G1X,0.601,7.329,3.519,0
Non-native,1G1X,0.337,3.244,3.18,0
Non-native,1G1X,0.269,2.489,2.059,0
Non-native,1G1X,0.355,5.296,2.615,0
Reference,1GAX,0.325,2.854,0.456,1
Reference,1GAX,0.362,1.048,0.485,1
Reference,1GAX,0.418,5.332,0.711,1
Near-native,1GAX,0.601,8.813,0.992,1
Near-native,1GAX,0.497,7.861,0.832,1
Near-native,1GAX,0.317,7.233,0.533,1
Near-native,1GAX,0.32,7.124,0.661,1
Near-native,1GAX,0.352,2.118,0.599,1
Near-native,1GAX,0.553,1.072,0.994,1
Non-native,1GAX,0.594,10.743,1.3,0
Non-native,1GAX,0.661,13.639,0.97,0
Non-native,1GAX,0.617,5.321,0.994,0
Non-native,1GAX,0.632,11.707,1.156,0
Non-native,1GAX,1.097,10.107,4.132,0
Non-native,1GAX,0.47,7.836,0.971,0
Reference,1J1U,0.369,5.432,1.506,1
Reference,1J1U,0.455,0.459,0.983,1
Reference,1J1U,0.249,1.268,0.701,1
Near-native,1J1U,0.508,3.723,0.59,1
Near-native,1J1U,0.906,1.143,1.874,1
Near-native,1J1U,0.626,0.469,1.851,1
Near-native,1J1U,0.846,0.445,2.583,1
Near-native,1J1U,0.762,2.221,2.825,1
Near-native,1J1U,0.251,2.173,0.948,1
Non-native,1J1U,0.509,2.545,2.977,0
Non-native,1J1U,0.532,3.604,3.353,0
Non-native,1J1U,0.764,0.725,4.536,0
Non-native,1J1U,0.345,2.174,4.224,0
Non-native,1J1U,0.399,2.407,3.553,0
Non-native,1J1U,0.347,2.728,3.473,0
Reference,1JBS,0.333,1.55,0.76,1
Reference,1JBS,0.417,6.63,0.955,1
Reference,1JBS,0.254,1.221,0.65,1
Near-native,1JBS,0.315,1.921,0.348,1
Near-native,1JBS,0.337,1.941,0.771,1
Near-native,1JBS,0.39,2.925,0.895,1
Near-native,1JBS,0.243,2.661,0.647,1
Near-native,1JBS,0.513,4.135,0.99,1
Near-native,1JBS,0.431,1.252,0.83,1
Non-native,1JBS,0.225,2.675,1.961,0
Non-native,1JBS,0.307,3.33,0.846,0
Non-native,1JBS,0.232,2.647,0.542,0
Non-native,1JBS,0.251,3.754,0.98,0
Non-native,1JBS,0.519,1.418,1.877,0
Non-native,1JBS,0.716,3.716,2.282,0
Reference,1JID,0.116,0.783,0.246,1
Reference,1JID,0.129,0.561,0.196,1
Reference,1JID,0.167,1.181,0.26,1
Near-native,1JID,0.198,2.867,0.428,1
Near-native,1JID,0.193,3.716,0.468,1
Near-native,1JID,0.212,1.537,0.48,1
Near-native,1JID,0.243,1.045,0.433,1
Near-native,1JID,0.309,1.262,0.552,1
Near-native,1JID,0.25,2.77,0.497,1
Non-native,1JID,0.208,1.947,0.72,0
Non-native,1JID,0.133,2.54,0.784,0
Non-native,1JID,0.191,3.425,0.493,0
Non-native,1JID,0.33,6.278,0.966,0
Non-native,1JID,0.453,2.908,1.565,0
Non-native,1JID,0.351,2.424,1.217,0
Reference,1LNG,0.143,1.082,1.208,1
Reference,1LNG,0.125,1.374,1.062,1
Reference,1LNG,0.139,0.115,0.537,1
Near-native,1LNG,0.26,0.616,0.927,1
Near-native,1LNG,0.309,3.203,1.123,1
Near-native,1LNG,0.357,1.679,1.428,1
Near-native,1LNG,0.246,3.791,0.931,1
Near-native,1LNG,0.288,2.942,0.833,1
Near-native,1LNG,0.28,1.256,1.192,1
Non-native,1LNG,0.4,5.756,1.038,0
Non-native,1LNG,0.446,8.759,1.759,0
Non-native,1LNG,0.516,9.466,1.602,0
Non-native,1LNG,0.743,3.781,2.07,0
Non-native,1LNG,0.962,6.367,1.743,0
Non-native,1LNG,1.667,5.15,3.064,0
Reference,1MMS,0.511,3.822,0.757,1
Reference,1MMS,0.308,0.408,0.63,1
Reference,1MMS,0.472,2.633,0.812,1
Near-native,1MMS,0.6,4.507,0.846,1
Near-native,1MMS,0.488,1.403,1.034,1
Near-native,1MMS,0.345,1.354,0.578,1
Near-native,1MMS,0.536,0.552,1.04,1
Near-native,1MMS,0.594,4.94,1.165,1
Near-native,1MMS,0.581,3.305,1.225,1
Non-native,1MMS,0.514,4.673,1.456,0
Non-native,1MMS,0.808,14.009,1.476,0
Non-native,1MMS,0.785,7.942,1.014,0
Non-native,1MMS,0.462,4.576,1.089,0
Non-native,1MMS,0.942,8.276,1.464,0
Non-native,1MMS,0.67,8.638,1.264,0
Reference,1N78,0.27,7.893,0.828,1
Reference,1N78,0.289,4.339,0.494,1
Reference,1N78,0.309,6.056,0.643,1
Near-native,1N78,0.318,5.363,0.745,1
Near-native,1N78,0.332,3.502,0.915,1
Near-native,1N78,0.326,6.485,0.744,1
Near-native,1N78,0.585,2.166,1.524,1
Near-native,1N78,0.526,9.753,1.924,1
Near-native,1N78,0.379,6.062,1.059,1
Non-native,1N78,0.694,9.484,1.244,0
Non-native,1N78,0.655,12.023,1.084,0
Non-native,1N78,0.834,10.224,1.604,0
Non-native,1N78,0.6,5.436,1.302,0
Non-native,1N78,1.008,9.165,2.486,0
Non-native,1N78,0.718,6.144,2.095,0
Reference,1QTQ,0.226,1.388,0.265,1
Reference,1QTQ,0.183,3.512,0.256,1
Reference,1QTQ,0.225,1.485,0.374,1
Near-native,1QTQ,0.228,0.877,0.428,1
Near-native,1QTQ,0.278,8.247,0.756,1
Near-native,1QTQ,0.206,4.743,0.367,1
Near-native,1QTQ,0.354,4.584,0.862,1
Near-native,1QTQ,0.373,6.329,0.524,1
Near-native,1QTQ,0.364,3.96,0.658,1
Non-native,1QTQ,0.583,16.544,1.455,0
Non-native,1QTQ,0.596,17.706,1.978,0
Non-native,1QTQ,0.471,8.452,1.021,0
Non-native,1QTQ,0.482,11.827,1.169,0
Non-native,1QTQ,0.336,10.092,0.709,0
Non-native,1QTQ,0.403,9.758,0.744,0
Reference,1R3E,0.19,2.252,0.851,1
Reference,1R3E,0.12,1.852,0.645,1
Reference,1R3E,0.114,1.119,0.463,1
Near-native,1R3E,0.26,4.021,0.957,1
Near-native,1R3E,0.159,7.653,0.467,1
Near-native,1R3E,0.163,3.205,0.43,1
Near-native,1R3E,0.342,1.836,0.949,1
Near-native,1R3E,0.25,1.754,0.836,1
Near-native,1R3E,0.371,2.054,0.904,1
Non-native,1R3E,0.392,9.88,1.492,0
Non-native,1R3E,0.478,6.979,1.081,0
Non-native,1R3E,0.412,9.13,0.905,0
Non-native,1R3E,0.525,4.8,1.94,0
Non-native,1R3E,0.286,7.259,1.133,0
Non-native,1R3E,0.261,5.096,1.31,0
Reference,1S03,0.162,1.773,0.317,1
Reference,1S03,0.259,0.635,0.53,1
Reference,1S03,0.323,1.816,0.783,1
Near-native,1S03,0.291,1.219,0.783,1
Near-native,1S03,0.279,4.019,0.712,1
Near-native,1S03,0.246,4.183,0.575,1
Near-native,1S03,0.301,3.75,0.771,1
Near-native,1S03,0.304,1.089,0.8,1
Near-native,1S03,0.525,1.347,0.848,1
Non-native,1S03,0.448,1.848,0.868,0
Non-native,1S03,0.337,6.305,1.038,0
Non-native,1S03,0.351,3.686,0.933,0
Non-native,1S03,0.467,5.754,2.174,0
Non-native,1S03,0.522,4.317,2.29,0
Non-native,1S03,0.386,2.466,1.426,0
Reference,2ZM5,0.121,3.268,0.762,1
Reference,2ZM5,0.119,3.135,0.548,1
Reference,2ZM5,0.1,0.526,1.171,1
Near-native,2ZM5,0.24,1.513,1.678,1
Near-native,2ZM5,0.244,5.7,1.65,1
Near-native,2ZM5,0.215,0.281,0.759,1
Near-native,2ZM5,0.296,2.332,1.155,1
Near-native,2ZM5,0.276,4.439,0.904,1
Near-native,2ZM5,0.294,1.691,1.057,1
Non-native,2ZM5,0.297,3.352,1.252,0
Non-native,2ZM5,0.489,0.65,2.08,0
Non-native,2ZM5,0.575,9.372,1.535,0
Non-native,2ZM5,0.26,6.995,1.777,0
Non-native,2ZM5,0.391,12.311,1.345,0
Non-native,2ZM5,0.398,3.142,1.516,0
Reference,2ZUE,0.255,4.16,0.371,1
Reference,2ZUE,0.344,1.774,0.491,1
Reference,2ZUE,0.235,2.354,0.301,1
Near-native,2ZUE,0.328,1.713,0.549,1
Near-native,2ZUE,0.302,4.627,0.485,1
Near-native,2ZUE,0.34,0.653,0.458,1
Near-native,2ZUE,0.338,1.217,0.518,1
Near-native,2ZUE,0.414,5.671,0.84,1
Near-native,2ZUE,0.433,2.245,0.786,1
Non-native,2ZUE,0.509,4.148,1.175,0
Non-native,2ZUE,0.476,8.662,0.794,0
Non-native,2ZUE,0.295,5.468,0.604,0
Non-native,2ZUE,0.474,3.936,1.381,0
Non-native,2ZUE,0.495,4.539,3.458,0
Non-native,2ZUE,1.149,7.114,3.611,0
Reference,3DD2,0.113,0.215,0.248,1
Reference,3DD2,0.105,2.334,0.179,1
Reference,3DD2,0.129,0.679,0.24,1
Near-native,3DD2,0.16,2.479,0.421,1
Near-native,3DD2,0.162,3.134,0.346,1
Near-native,3DD2,0.149,0.392,0.398,1
Near-native,3DD2,0.329,1.145,0.649,1
Near-native,3DD2,0.305,0.419,0.65,1
Near-native,3DD2,0.223,1.92,0.422,1
Non-native,3DD2,0.327,1.643,0.762,0
Non-native,3DD2,0.261,4.144,0.467,0
Non-native,3DD2,0.456,3.938,1.072,0
Non-native,3DD2,0.413,3.155,1.121,0
Non-native,3DD2,0.289,6.087,0.888,0
Non-native,3DD2,0.372,5.615,0.661,0
Reference,3EPH,0.196,0.387,0.671,1
Reference,3EPH,0.268,2.714,1.305,1
Reference,3EPH,0.215,2.073,0.868,1
Near-native,3EPH,0.185,0.307,0.802,1
Near-native,3EPH,0.213,3.922,0.695,1
Near-native,3EPH,0.201,1.401,0.61,1
Near-native,3EPH,0.237,0.945,1.439,1
Near-native,3EPH,0.267,1.244,0.548,1
Near-native,3EPH,0.323,1.241,1.102,1
Non-native,3EPH,0.525,8.71,2.071,0
Non-native,3EPH,0.423,6.523,1.675,0
Non-native,3EPH,0.382,11.198,2.068,0
Non-native,3EPH,0.4,10.293,1.249,0
Non-native,3EPH,0.401,6.045,0.75,0
Non-native,3EPH,0.388,3.263,1.72,0
Reference,3OL9,0.208,0.687,0.367,1
Reference,3OL9,0.272,0.31,0.494,1
Reference,3OL9,0.259,1.089,0.46,1
Near-native,3OL9,0.274,2.313,0.497,1
Near-native,3OL9,0.247,1.974,0.563,1
Near-native,3OL9,0.301,0.552,0.667,1
Near-native,3OL9,0.198,0.382,0.331,1
Near-native,3OL9,0.24,0.714,0.475,1
Near-native,3OL9,0.21,1.943,0.27,1
Non-native,3OL9,0.298,1.906,0.701,0
Non-native,3OL9,0.6,4.423,1.535,0
Non-native,3OL9,0.3,4.068,0.538,0
Non-native,3OL9,0.592,2.512,1.274,0
Non-native,3OL9,0.319,5.127,0.604,0
Non-native,3OL9,0.475,1.228,1.277,0
Reference,1R9F,0.121,1.27,0.215,1
Reference,1R9F,0.168,1.655,0.305,1
Reference,1R9F,0.13,1.517,0.319,1
Near-native,1R9F,0.316,2.586,0.679,1
Near-native,1R9F,0.254,4.752,0.436,1
Near-native,1R9F,0.331,3.411,0.624,1
Near-native,1R9F,0.27,1.188,0.465,1
Near-native,1R9F,0.245,1.531,0.457,1
Near-native,1R9F,0.291,1.473,0.507,1
Non-native,1R9F,0.347,2.022,1.239,0
Non-native,1R9F,0.385,1.503,1.597,0
Non-native,1R9F,0.294,1.646,0.8,0
Non-native,1R9F,0.241,8.287,2.023,0
Non-native,1R9F,0.227,8.945,1.109,0
Non-native,1R9F,0.247,7.681,1.027,0
Reference,1UN6,0.473,2.577,1.167,1
Reference,1UN6,0.335,2.145,0.643,1
Reference,1UN6,0.38,1.156,0.583,1
Near-native,1UN6,0.288,5.683,0.409,1
Near-native,1UN6,0.339,0.138,0.616,1
Near-native,1UN6,0.306,0.999,0.746,1
Near-native,1UN6,0.359,3.054,0.78,1
Near-native,1UN6,0.325,0.496,0.553,1
Near-native,1UN6,0.413,0.038,0.977,1
Non-native,1UN6,0.873,3.763,2.039,0
Non-native,1UN6,0.672,5.118,1.634,0
Non-native,1UN6,0.577,2.659,1.639,0
Non-native,1UN6,0.415,2.22,0.946,0
Non-native,1UN6,0.409,4.449,5.539,0
Non-native,1UN6,0.498,3.98,1.392,0
Reference,2ZZM,0.368,3.553,0.587,1
Reference,2ZZM,0.431,9.319,0.674,1
Reference,2ZZM,0.496,9.006,0.74,1
Near-native,2ZZM,0.284,3.613,0.463,1
Near-native,2ZZM,0.547,1.445,0.894,1
Near-native,2ZZM,0.354,2.451,0.623,1
Near-native,2ZZM,0.52,5.083,0.775,1
Near-native,2ZZM,0.452,10.468,0.557,1
Near-native,2ZZM,0.629,2.77,0.789,1
Non-native,2ZZM,0.652,22.168,1.174,0
Non-native,2ZZM,0.893,15.419,1.36,0
Non-native,2ZZM,0.614,17.692,1.092,0
Non-native,2ZZM,0.581,6.357,0.872,0
Non-native,2ZZM,0.585,8.299,0.94,0
Non-native,2ZZM,0.662,17.361,1.159,0
Reference,3ADD,0.473,5.296,1.511,1
Reference,3ADD,0.604,6.494,1.56,1
Reference,3ADD,0.636,2.034,1.603,1
Near-native,3ADD,0.59,5.675,1.421,1
Near-native,3ADD,0.711,5.198,1.628,1
Near-native,3ADD,0.684,2.692,1.176,1
Near-native,3ADD,0.54,10.249,1.584,1
Near-native,3ADD,0.539,4.453,1.483,1
Near-native,3ADD,0.808,10.194,1.841,1
Non-native,3ADD,0.721,5.231,1.387,0
Non-native,3ADD,0.577,14.432,1.831,0
Non-native,3ADD,0.626,12.598,1.683,0
Non-native,3ADD,0.693,9.913,1.419,0
Non-native,3ADD,0.742,3.692,1.879,0
Non-native,3ADD,0.749,4.108,1.574,0
Reference,2HW8,0.304,2.279,0.624,1
Reference,2HW8,0.261,2.023,0.513,1
Reference,2HW8,0.186,0.742,0.328,1
Near-native,2HW8,0.377,0.705,0.601,1
Near-native,2HW8,0.553,4.062,0.773,1
Near-native,2HW8,0.461,2.774,0.761,1
Near-native,2HW8,0.48,0.158,0.868,1
Near-native,2HW8,0.485,0.909,0.744,1
Near-native,2HW8,0.567,2.835,1.042,1
Non-native,2HW8,0.56,3.386,1.054,0
Non-native,2HW8,0.461,4.532,1.515,0
Non-native,2HW8,0.634,4.655,1.252,0
Non-native,2HW8,0.875,1.29,1.523,0
Non-native,2HW8,0.963,2.306,1.727,0
Non-native,2HW8,0.524,7.409,0.815,0
