Label,Data,I_RMSD ,BSA,L_RMSD ,Results
Complex 1,1DFU,0.2275,2.7985,0.481,1
Complex 3,1DFU,0.31,1.609,0.782,1
Complex 6,1DFU,0.2225,2.3495,0.532,1
Complex 6,1RC7,0.3455,2.7285,0.747,0
Complex 1,2BH2,0.25,2.632,0.414,1
Complex 2,2BH2,0.3265,5.9635,0.5745,1
Complex 3,2BH2,0.561,4.5595,1.0855,0
Complex 4,2BH2,0.4765,7.408,0.82,0
Complex 5,2BH2,0.587,3.5035,1.4045,0
Complex 6,2BH2,0.4635,3.215,0.8605,0
Complex 8,2BH2,0.334,4.6145,0.612,1
Complex 9,2BH2,0.558,3.902,1.104,0
Complex 10,2BH2,0.3375,1.8495,0.589,1
Complex 3,2NUG,0.526,5.4,0.6875,1
Complex 3,2QUX,0.48,5.434,1.1475,0
Complex 5,2QUX,0.209,2.1865,0.3445,1
Complex 5,2XDB,0.1675,2.6175,0.8555,0
Complex 8,2XDB,0.228,2.677,0.761,0
Complex 9,2XDB,0.1675,1.128,0.7735,0
Complex 1,3FOZ,0.1765,1.287,0.7405,1
Complex 2,3FOZ,0.1805,2.1465,1.1855,1
Complex 3,3FOZ,0.2935,2.0535,1.148,1
Complex 4,3FOZ,0.2385,1.73,1.131,1
Complex 5,3FOZ,0.235,1.444,0.975,1
Complex 6,3FOZ,0.179,2.0895,0.9235,1
Complex 7,3FOZ,0.2345,2.0725,1.5175,1
Complex 8,3FOZ,0.454,3.248,1.3815,0
Complex 9,3FOZ,0.299,2.6755,0.888,1
Complex 10,3FOZ,0.2295,3.11,1.57,1
Complex 1,3OVB,0.235,1.9195,0.3775,1
Complex 2,3OVB,0.2895,3.13,0.643,1
